atom_type,element,mass_amu,vdw_style,lj_a,lj_b,notes
cx1,C,12.01099967956543,lj_ab_12_6,1,2,MXN carbon type cx1 (demo)
cx2,C,12.01099967956543,lj_ab_12_6,1.1000000000000001,2.1000000000000001,MXN carbon type cx2 (demo)
cx3,C,12.01099967956543,lj_ab_12_6,1.2,2.2000000000000002,MXN carbon type cx3 (demo)
cx4,C,12.01099967956543,lj_ab_12_6,1.3,2.2999999999999998,MXN carbon type cx4 (demo)
hoy,H,1.0080000162124634,lj_ab_12_6,0.10000000000000001,0.20000000000000001,MXN hydrogen term (demo)
omx,O,15.99899959564209,lj_ab_12_6,2,4,MXN oxygen term (demo)
ti1,Ti,47.867000579833984,lj_ab_12_6,5,10,MXN titanium type ti1 (demo)
ti2,Ti,47.867000579833984,lj_ab_12_6,5.5,11,MXN titanium type ti2 (demo)
