t1,t2,style,k,r0,source
cx1,ti1,quadratic,200,2.0499999999999998,
cx1,ti2,quadratic,200,2.0499999999999998,
cx2,ti1,quadratic,200,2.0499999999999998,
cx2,ti2,quadratic,200,2.0499999999999998,
cx3,ti1,quadratic,200,2.0499999999999998,
cx3,ti2,quadratic,200,2.0499999999999998,
cx4,ti1,quadratic,200,2.0499999999999998,
cx4,ti2,quadratic,200,2.0499999999999998,
hoy,omx,quadratic,450,0.97999999999999998,
